{
  "plugins": [

    {
      "id" : "httpcanary.experiment.block.host",
      "name" : "Host Block",
      "version" : "1.0.0",
      "audience" : 0,
      "permissions" : ["android.permission.READ_EXTERNAL_STORAGE"],
      "brief" : "Block specified host and IP",
      "description" : "Enable this plugin to block specified host and IP. You can add hosts and IPs line by line to the file locates in '/HttpCanary/plugins/HostBlock/hosts.txt'.\ne.g.\nwww.test.com\n10.10.10.10\n113.113.113.113",
      "implementation" : "com.guoshi.httpcanary.plugin.experiment.HostBlockPlugin"
    },

    {
      "id" : "httpcanary.experiment.block.mime",
      "name" : "MimeType Block",
      "version" : "1.0.0",
      "audience" : 0,
      "permissions" : ["android.permission.READ_EXTERNAL_STORAGE"],
      "brief" : "Block specified MIME types",
      "description" : "Enable this plugin to block request/response that contains specified MIME types. You can add them line by line to the file locates in '/HttpCanary/plugins/MimeTypeBlock/req(res)-mimes.txt'.\ne.g.\napplication/json\ntext/plain\nimage/png",
      "implementation" : "com.guoshi.httpcanary.plugin.experiment.MimeTypeBlockPlugin"
    },

    {
      "id" : "httpcanary.experiment.downloader.image",
      "name" : "Image Downloader",
      "version" : "1.0.0",
      "audience" : 0,
      "permissions" : ["android.permission.WRITE_EXTERNAL_STORAGE"],
      "brief" : "Download images automatically",
      "description" : "Enable this plugin to automatic download images, supported formats: png, jpg, jpeg, webp, gif, svg, bmp.",
      "implementation" : "com.guoshi.httpcanary.plugin.experiment.ImageDownloader"
    },

    {
      "id" : "httpcanary.experiment.downloader.audio",
      "name" : "Audio Downloader",
      "version" : "1.0.0",
      "audience" : 1,
      "permissions" : ["android.permission.WRITE_EXTERNAL_STORAGE"],
      "brief" : "Download audios automatically",
      "description" : "Enable this plugin to automatic download audios, supported formats: aac, mp3, wav, flac, ape, ogg, webm, m3u8, opus.",
      "implementation" : "com.guoshi.httpcanary.plugin.experiment.AudioDownloader"
    },

    {
      "id" : "httpcanary.experiment.stats.overview",
      "name" : "Request Overview Stats",
      "version" : "1.0.0",
      "audience" : 1,
      "permissions" : ["android.permission.WRITE_EXTERNAL_STORAGE"],
      "brief" : "Statistics request overview data and export as Excel",
      "description" : "Enable this plugin to activate statistics of request overview data, the exported Excel file locates in '/HttpCanary/plugins/StatsOverview/'",
      "implementation" : "com.guoshi.httpcanary.plugin.experiment.StatsOverviewPlugin"
    },

    {
      "id" : "httpcanary.experiment.downloader.video",
      "name" : "Video Downloader",
      "version" : "1.0.0",
      "audience" : 2,
      "permissions" : ["android.permission.WRITE_EXTERNAL_STORAGE"],
      "brief" : "Download videos automatically",
      "description" : "Enable this plugin to automatic download videos, supported formats: mp4, mov, wmv, avi, rmvb, mkv, flv, webm.",
      "implementation" : "com.guoshi.httpcanary.plugin.experiment.VideoDownloader"
    }

  ]

}