{
  "plugins": [

    {
      "id" : "httpcanary.experiment.block.host",
      "name" : "Host屏蔽",
      "version" : "1.0.0",
      "audience" : 0,
      "permissions" : ["android.permission.READ_EXTERNAL_STORAGE"],
      "brief" : "用来屏蔽指定host或IP的请求",
      "description" : "启用此插件来屏蔽指定host或IP的请求。需要在'/HttpCanary/plugins/HostBlock/hosts.txt'文件中以一行行的格式添加host和IP，示例如下：\nwww.test.com\n10.10.10.10\n113.113.113.113",
      "implementation" : "com.guoshi.httpcanary.plugin.experiment.HostBlockPlugin"
    },

    {
      "id" : "httpcanary.experiment.block.mime",
      "name" : "MimeType屏蔽",
      "version" : "1.0.0",
      "audience" : 0,
      "permissions" : ["android.permission.READ_EXTERNAL_STORAGE"],
      "brief" : "用来屏蔽指定数据类型的请求或响应",
      "description" : "启用此插件来屏蔽包含指定Mime-Type的请求或响应。需要在'/HttpCanary/plugins/MimeTypeBlock/req(res)-mimes.txt'文件中以一行行的格式添加指定类型，示例如下：\napplication/json\ntext/plain\nimage/png",
      "implementation" : "com.guoshi.httpcanary.plugin.experiment.MimeTypeBlockPlugin"
    },

    {
      "id" : "httpcanary.experiment.downloader.image",
      "name" : "图片下载器",
      "version" : "1.0.0",
      "audience" : 0,
      "permissions" : ["android.permission.WRITE_EXTERNAL_STORAGE"],
      "brief" : "自动保存图片文件",
      "description" : "启用此插件来自动保存图片文件，支持图片格式如下: png，jpg，jpeg，webp，gif，svg，bmp。",
      "implementation" : "com.guoshi.httpcanary.plugin.experiment.ImageDownloader"
    },

    {
      "id" : "httpcanary.experiment.downloader.audio",
      "name" : "音频下载器",
      "version" : "1.0.0",
      "audience" : 1,
      "permissions" : ["android.permission.WRITE_EXTERNAL_STORAGE"],
      "brief" : "自动保存音频文件",
      "description" : "启用此插件来自动保存音频文件，支持音频格式如下: aac，mp3，wav，flac，ape，ogg，webm，m3u8，opus。",
      "implementation" : "com.guoshi.httpcanary.plugin.experiment.AudioDownloader"
    },

    {
      "id" : "httpcanary.experiment.stats.overview",
      "name" : "数据总览统计",
      "version" : "1.0.0",
      "audience" : 1,
      "permissions" : ["android.permission.WRITE_EXTERNAL_STORAGE"],
      "brief" : "统计请求数据总览并生成Excel报表",
      "description" : "启用此插件来统计所有抓取请求的总览信息，并生成Excel报表，报表存储路径'/HttpCanary/plugins/StatsOverview/'",
      "implementation" : "com.guoshi.httpcanary.plugin.experiment.StatsOverviewPlugin"
    },

    {
      "id" : "httpcanary.experiment.downloader.video",
      "name" : "视频下载器",
      "version" : "1.0.0",
      "audience" : 2,
      "permissions" : ["android.permission.WRITE_EXTERNAL_STORAGE"],
      "brief" : "自动保存视频文件",
      "description" : "启用此插件来自动保存视频文件，支持视频格式如下: mp4，mov，wmv，avi，rmvb，mkv，flv，webm。",
      "implementation" : "com.guoshi.httpcanary.plugin.experiment.VideoDownloader"
    },

    {
      "id" : "httpcanary.experiment.wechat.location",
      "name" : "微信定位漂移",
      "version" : "1.0.0",
      "audience" : 2,
      "brief" : "修改微信（朋友圈）定位地点",
      "description" : "启用插件来修改微信定位地点（包括朋友圈位置），请提前复制你想修改的经纬度到粘贴板上，格式为：经度,纬度，例如116.41667,39.91667",
      "implementation" : "com.guoshi.httpcanary.plugin.experiment.WechatLocationPlugin"
    }

  ]

}